{"cameraMode":{"drawMode":0,"name":"Shaded","section":"Shading Mode"},"sceneLighting":true,"audioPlay":false,"sceneViewState":{"m_AlwaysRefresh":false,"showFog":true,"showSkybox":true,"showFlares":true,"showImageEffects":true,"showParticleSystems":true,"showVisualEffectGraphs":true,"m_FxEnabled":true},"in2DMode":false,"pivot":{"x":-5.262515068054199,"y":-57.050994873046878,"z":-249.79327392578126},"rotation":{"x":-0.3786943554878235,"y":0.042181018739938739,"z":-0.017278926447033883,"w":-0.9243971109390259},"size":52.22043228149414,"orthographic":false}